author|title|content
EUROPA PRESS|Detenida una pareja tras fingir ser los padres de una recién nacida|Agentes de la Policía Nacional han detenido a una pareja que intentó cambiar la paternidad de una recién nacida en un hospital de Fuenlabrada, y a la madre biológica de la bebé, al querer desentenderse de ella, según ha informado este Cuerpo.   La madre bioló… [+1860 chars]
AFP|Dos policías detenidos en Río como sospechosos del asesinato de la activista Marielle Franco|Dos policías fueron detenidos el martes en Río de Janeiro como presuntos implicados en el asesinato hace casi un año de la concejal negra Marielle Franco y su chófer Anderson Gomes, un caso que conmocionó a Brasil, según fuentes de la División de Homicidios d… [+433 chars]
AMADO HERRERO|Causa el doble de muertes de lo que se creía: 800.000 al año en Europa|"El Tribunal de Cuentas de la Unión Europea (TCE) lanzó la alerta el pasado mes de septiembre: ""la salud de los ciudadanos europeos no está suficientemente protegida"". En su primer informe sobre la contaminación del aire, este organismo calificaba como ""poco e… [+5177 chars]"
EL MUNDO|"Lío entre Risto Mejide y la 'antifeminista' Sofía Rincón: ""Si alguien viene para trolear, ni medio minuto"""|"Este lunes, Risto Mejide decidió contar en Todo es mentira con la bloguera Sofía Rincón, quien ha manifestado su oposición contra las ""feministas hegemónicas"", para hablar de la contramarcha del 8M celebrada el domingo y promovida por organizaciones como Hazt… [+1783 chars]"
ESTHER MUCIENTES|Eurovisión ya tiene sus favoritos y España no está entre ellos|Sí, queda todavía mucho; sí, ponerse a buscar favoritas a casi dos meses de la final de Eurovisión suena a precipitado y a toca narices; sí, prácticamente el público todavía no ha escuchado ni tres de las 41 canciones que se presentan, pero... Pero hablamos d… [+8896 chars]
ANDRÉS MACHADO|Detenida la pareja del líder de Los Castañas con joyas valoradas en 80.000 euros|Efectivos de la Agencia Tributaria y Policía Nacional han detenido, en San Roque, a una mujer de 37 años que es la pareja sentimental de Antonio Tejón, uno de líderes del clan de narcotraficantes conocido como Los Castañas, actualmente en prisión. Esta person… [+1563 chars]
EUROPA PRESS|VW prevé producir 22 millones de eléctricos en 10 años|El grupo automovilístico alemán Volkswagen ha ampliado de 15 a 22 millones de vehículos la previsión de producción de modelos con tecnología eléctrica para la próxima década de todas las marcas que engloba.   Según detalló la compañía durante su conferencia d… [+3178 chars]
AGENCIAS|El Manchester City indemnizará a los niños que fueron víctimas de abuso sexual por parte de un entrenador|El Manchester City ha lanzado un plan de compensación para las víctimas de abuso sexual infantil por parte del extrenador de las categorías inferiores Barry Bennell, quien recientemente fue encarcelado para los próximos 30 años por múltiples cargos de abuso. … [+1055 chars]
EFE|"Pelosi asegura que un ""impeachment"" contra Trump ""no vale la pena"""|"La presidenta de la Cámara Baja de EEUU, Nancy Pelosi, se opuso a impulsar en el Congreso un ""impeachment"" (juicio político) en contra del presidente, Donald Trump, al asegurar que ""no vale la pena"".  ""Un 'impeachment' divide tanto al país que, a menos que ha… [+1844 chars]"
FÉLIX CEREZO|Eléctricos, en lo bueno y lo malo|La 89ª edición del Salón del Automóvil de Ginebra arrancaba el pasado martes marcada por los tiempos convulsos que vive el automóvil. De hecho, siguiendo la tónica de algunos de los últimos certámenes celebrados -París el pasado otoño y Detroit a comienzos de… [+9637 chars]
EL MUNDO|¿Pero qué celebra hoy Google el aniversario de Internet con su doodle?|Google ha creado un doodle para celebrar el 30 aniversario de Internet. Sin embargo, lo que cumple 30 años es, en realidad, la web. O, mejor dicho, la World Wide Web, que es lo que inventó Tim Berners-Lee cuando trabajaba en el CERN en 1989.  El británico com… [+1465 chars]
Servimedia|Borrell dice que España estudiará acoger a personas próximas a Nicolás Maduro|El ministro de Asuntos Exteriores, UE y Cooperación, Josep Borrell, preguntado este martes sobre sobre si el secretario de Estado de EEUU, Mike Pompeo, le ha pedido que España acoja al ministro de Defensa venezolano, se limitó a afirmar que ha abordado con és… [+1654 chars]
EL MUNDO|Ibaka pierde los papeles y se lía a puñetazos con un rival en pleno partido|Serge Ibaka es un jugador con carácter. Tanto, que más de una vez eso le ha costado algún disgusto o polémica con algún rival en los años que lleva jugando en la NBA. Ha sido protagonista de más de una pelea, a veces por defender a un compañero y otras, como … [+673 chars]
YO DONA PARA EVAX|María Dolores Gimeno, un ejemplo para todas las jóvenes que sueñan con entrar en las Fuerzas Armadas|María Dolores Gimeno es teniente coronel de la Guardia Civil y embajadora de la campaña Girls Everywhere by Evax. Foto: D.R.   Estamos de celebración porque por fin podemos decir alto y claro que las mujeres estamos en todas partes. Los diferentes ámbitos pro… [+6648 chars]
EUROPA PRESS|Un basurero halla a un bebé muerto en un contenedor|Los Mossos d'Esquadra investigan la muerte de un bebé encontrado a primera hora de este martes en un contenedor de la basura en Montcada i Reixac (Barcelona).   Según ha informado la policía catalana a Europa Press, han recibido el aviso a las 6.16 horas.   E… [+203 chars]
elmundo.es|Declaración de los responsables de Unipost en el juicio del 'procés', en directo|Conforme a los criterios de  The Trust Project
EUROPA PRESS|Cinco jóvenes heridos en una reyerta multitudinaria a las puertas de una discoteca en Vallecas|Cinco jóvenes de entre 18 y 34 años han resultado heridos de diversa consideración en una reyerta multitudinaria a las puertas de un pub discoteca en Puente de Vallecas (Madrid), según han informado a Europa Press fuentes de Emergencias Madrid. La Policía Nac… [+820 chars]
ELENA OLIVERO|Look del martes con estampado de cachemir|Tonos camel para las prendas externas y rojo para el interior. El estampado de cachemira para la camisa.   'Look' del martes o el estilo de oficina por excelencia  Este martes rescatamos el famoso estampado 'paisley' o de cachemira, que se suma a las tendenci… [+1848 chars]
BEATRIZ ALMANSA|El vaquero culotte perfecto, seas como seas, existe, y es de Zara|FOTO: ZARA  ¿Estás buscando el vaquero blanco perfecto? Está en Zara  Si eres de las que han desterrado de sus armarios el pitillo (o estás en ello), pero no acabas de dar con ese vaquero perfecto con el que apuntarte a las versiones más anchas y acampanadas … [+836 chars]
ESPERANZA GRACIA|Horóscopo del 12 de marzo|María Adánez Foto: GETTY  ARIES   Hoy puede haber sorpresas maravillosas que cambien el rumbo de los acontecimientos y que te ayuden a alcanzar ese sueño que llevas tiempo persiguiendo.  TAURO   Marte en tu signo te da vitalidad y confianza en ti mismo. En el… [+2048 chars]
EDURNE URRETA|De coliflor, brócoli o plátano, pizzas diferentes para sorprender|Seguro que si piensas en una pizza te viene a la cabeza la imagen de una crujiente masa de trigo con todo tipo de ingredientes encima. Aunque esa es la original y la típica, no es la única manera de disfrutar de uno de los platos más populares del mundo. Si e… [+3227 chars]
EUROPA PRESS|Muere atropellado un hombre en la M-30 en Madrid|Un hombre de 49 años ha muerto a primera hora de esta mañana tras ser atropellado en la autopista de circunvalación de Madrid M-30, en el carril interior, junto a la incorporación a la A4.    Según han informado fuentes de Emergencias Madrid, cuando han llega… [+606 chars]
EFE|Conor McGregor, arrestado por pisotear el teléfono de un seguidor que trató de fotografiarlo|El boxeador irlandés de artes marciales mixtas Conor McGregor fue arrestado este lunes en Miami Beach, acusado de robo y conducta criminal por pisotear y llevarse el teléfono móvil de un seguidor que trató de fotografiarlo, informaron medios locales.  McGrego… [+2035 chars]
AGENCIAS|Seat logra en 2018 el mejor resultado de su historia al ganar 254 millones|Seat logró el año pasado el mejor resultado de su historia por tercer año consecutivo, al registrar un beneficio operativo de 254 millones de euros, lo que supone un incremento del 33,4% respecto a los 191 millones que contabilizó en 2017, según datos publica… [+571 chars]
DANIEL LOZANO|Desaparece un periodista hispanovenezolano tras ser hostigado por la revolución|La desaparición del periodista y activista digital Luis Carlos Díaz, de 34 años, ha despertado las alarmas de la profesión y de las organizaciones de derechos humanos en Venezuela.   Díaz, que posee la doble nacionalidad española y venezolana, sufre desde el … [+2611 chars]
AGENCIAS|EEUU retira de Venezuela a todos su personal diplomático|"Estados Unidos retirará a todo el personal diplomático que permanece en su embajada en Caracas en medio de un empeoramiento de la crisis venezolana, ha asegurado el secretario de Estado, Mike Pompeo.  ""La decisión refleja el deterioro de la situación en #Vene… [+1543 chars]"
LUIS ALEMANY|"""Decían que hacía 'literatura efímera' y 20 años después aún se vende"""|Matilde Asensi, autora de 'Sakura'.   0 comentariosComentar  Mucho antes de Dan Brown, de Ildefonso Falcones y de La sombra del viento, hubo una vez una historia casi de cenicientas escritoras. Matilde Asensi era una periodista en Alicante que había dejado su… [+11652 chars]
SILVIA MORENO|"Eva Díaz Pérez: ""Los políticos creen que la cultura es un asunto de cuatro gatos"""|Eva Díaz Pérez, en la entrada de la Casa de Murillo, en el barrio de Santa Cruz en Sevilla. GOGO LOBATO  0 comentariosComentar  Eva Díaz Pérez. Sevilla, 1971. Escritora y periodista siempre en plena ebullición creativa. Acaba de llegar de Londres de impartir … [+7632 chars]
EMILIA LANDALUCE|Mourinho fue Vox|Una de las cosas que hay que criticar de Florentino y sus pequeños escribientes ídem es que nunca hayan hecho nada para que el Madrid estuviera a la altura de las circunstancias políticas. Solo dos momentos muy poco estelares. El día que se aplicaba el 155, «… [+2137 chars]
LUIS NÚÑEZ-VILLAVEIRÁN|Absueltos los acusados de la 'estafa de Goya'|La sección 1 de la Audiencia Provincial de Madrid absolvió a los seis acusados de estafar 500.000 euros a Antonio F. M. que invirtió en la supuesta construcción de un hospital avalada económicamente por cuatro presuntos cuadros de Francisco de Goya y Luciente… [+2256 chars]
JORGE DEL PALACIO|Divide et impera II|El próximo ciclo electoral cerrará un periodo histórico para la derecha española. Desde 1989, año en que se refunda con la transformación de Alianza Popular en Partido Popular, el PP se convirtió en un partido de vocación mayoritaria capaz de albergar en su s… [+3328 chars]
MARISOL HERNÁNDEZ|"El PSOE tilda de ""personal"" la presencia de Begoña Gómez"|"El PSOE restó importancia este lunes a que Begoña Gómez, esposa del presidente del Gobierno, acudiera a la manifestación del pasado viernes en Madrid con motivo del Día de la Mujer Trabajadora, y defendió que lo hizo ""a título personal"". El secretario de Orga… [+2707 chars]"
PABLO R. SUANZES|Bruselas eleva de cinco a 15 su lista negra de paraísos fiscales|A la UE se le dan muy mal las listas negras. Los técnicos estudian los sistemas fiscales opacos, le dan vueltas a quién incluir, las elaboran y a veces incluso logran que se publiquen, pero los Estados Miembro, cada uno con su pasado, sus vínculos y sus inter… [+3749 chars]
MANUEL LLORENTE|"Chantal Maillard: ""No se trata de compadecer sino de respetar"""|Chantal Maillard superó un cáncer de colon que la destrozó pero no la quebró. Y perdió un hijo de la noche a la mañana. Así que no hace concesiones. Bastantes años después, apenas puede sentarse a escribir dos horas al día. De aquello queda Matar a Platón (Tu… [+5889 chars]
DANIEL J. OLLERO|El timo de la Inteligencia Artificial: el 40% de las empresas lo usan como reclamo para financiarse|Utilizar la jerga tecnológica le sale a cuenta a las empresas para ganar dinero. Tras el boom del Blockchain, que consiguió que varias empresas que cotizaban en bolsa disparasen su valor por utilizar esta palabra como apellido sin tener nada que ver con esta … [+3006 chars]
LUIS F. DURÁN|La mujer de Ciudad Lineal murió desangrada tras recibir un tiro en la pierna|La mujer de 63 años que el pasado viernes falleció tras recibir un disparo de escopeta de su marido pereció desangrada como consecuencia del impacto de perdigones sufrido en ambas piernas, según el informe preliminar de la autopsia. Fue su pareja, Luis D. P.,… [+1990 chars]
LUIS NÚÑEZ-VILLAVEIRÁN|Carmena elimina que se cobre la productividad durante la baja maternal|Fue un convenio tortuoso. Con manifestaciones, quejas y protestas contra el propio delegado del Área de Seguridad, Salud y Emergencias, Javier Barbero. Pero al final, tras nueves meses de negociaciones, el Ayuntamiento consiguió que tres de los cinco sindicat… [+4286 chars]
MARCOS IRIARTE|El recibo será más caro desde abril al no renovar el Gobierno las medidas de contención|El Gobierno de Pedro Sánchez intentó hace seis meses contener la escalada que estaba viviendo el recibo de la luz. Pero lo hizo de forma temporal y sus efectos tocan ahora a su fin. Así, a partir de abril, el recibo de la electricidad volverá a encarecerse, a… [+2995 chars]
CARLOS SEGOVIA|De abogado de Mario Conde a experto mercantil de élite. Así es el nuevo presidente|El futuro presidente de Endesa, Juan Sánchez-Calero Guilarte, ha mantenido en su carrera profesional un perfil mucho más discreto que en sus inicios, cuando defendió sin éxito al entonces presidente de Banesto, Mario Conde, de los delitos societarios por los … [+2310 chars]
PACO REGO|Las verdades, sin chiste, de Miguel Gila, mi padre|La historia de Carmen, hija de una bella bailaora sobrina de la Niña de los Peines, arranca en Madrid de una manera que ella misma no supo bien hasta mucho después, ya adolescente.  -Miguel, la niña ha nacido, ¿vas a venir a reconocerla?   Al otro lado, Migue… [+11782 chars]
JAVIER NEGRE|"Así trató de exculparse ante la juez el dueño del pozo: ""Advertí a los padres"""|"El propietario de la finca de Totalán (Málaga), David Serrano, aseguró ante la juez del juzgado de Instrucción número 9 de Málaga, Elena Sancho, que ""advirtió de los peligros"" a los padres de Julen en referencia a la existencia de un pozo no sellado en su fin… [+2271 chars]"
PABLO LÓPEZ BARBERO|El frenazo alemán hace saltar las alarmas|El goteo de datos macroeconómicos poco halagüeños ha terminado por dar la razón a las predicciones menos optimistas sobre la economía alemana. Tras varios años de vacas gordas, el frenazo es real. Las cifras publicadas por la Oficina Federal de Estadística (D… [+5107 chars]
CARLOS SEGOVIA|Sáenz de Santamaría fue al juicio del procés ya fichada por el bufete catalán|Ahora hay más claves para calibrar el discreto testimonio de la ex vicepresidenta del Gobierno, Soraya Sáenz de Santamaría, el pasado 27 de febrero en el juicio del procés. La experimentada abogada del Estado fue menos elocuente que otros testigos del Gobiern… [+3472 chars]
LAURENCE THIEUX, MIGUEL HERNANDO DE LARRAMENDI|Argelia y el escenario a la egipcia|"En una entrevista realizada en 1965, tras del golpe militar encabezado por el coronel Huari Bumedien, el joven Abdelaziz Buteflika decía: ""Sólo el pueblo argelino es histórico y es el único que puede pretender serlo"". Ironía de la Historia, el pueblo argelino… [+4625 chars]"
ARCADI ESPADA|La obediencia debida inversa, rareza|Hace unas semanas, cuando declararon Rajoy, Sáenz de Santamaría y Zoido, se produjo un extraño caso de obediencia debida. El extraño caso de obediencia debida inversa podría y podrá titularse. Los tres responsables políticos dijeron entonces que ellos no habí… [+4149 chars]
ORFEO SUÁREZ|Así es la nueva vida de CR en Turín: pizza naturista, mate y misa con su novia|ORFEO SUÁREZ  Después de los primeros días de convivencia en el vestuario de la Continassa, donde se encuentra el nuevo Juventus Center, Paulo Dybala dijo qué era lo que más le había sorprendido de su nuevo compañero: la limpieza. Escrupuloso y metódico, Cris… [+6736 chars]
PABLO DE LA CALLE|Los cinco retos de Zidane|Regresa el emblema para resucitar un equipo desangrado, frenar la presión ambiental e ilusionar a una masa social angustiada por un insoportable cúmulo de decepciones. Vitamina extra para un enfermo agonizante. Retorna Zinedine Zidane como sanador para sellar… [+4415 chars]
LUCÍA MÉNDEZ|Junqueras negociará de nuevo con Pedro Sánchez si vence a Puigdemont|Las dos convocatorias electorales que España tiene por delante no sólo enfrentarán a las formaciones de ámbito nacional. También serán el banco de pruebas para el combate que libran de forma sorda, pero contundente, Carles Puigdemont desde Waterloo y Oriol Ju… [+5519 chars]
EL MUNDO|Cómo enviar Whatsapp sin guardar el número de la otra persona|Whatsapp se ha convertido en la aplicación de mensajería instantánea más popular del mundo, aunque no queramos, en ocasiones es la única forma que tenemos de comunicarnos con la otra persona. SIn embargo, a veces solo necesitamos enviar un Whatsapp sin que se… [+1833 chars]
DAVID SANZ EZQUERRO|'Madres': una serie basada en hechos reales|"Las experiencias de la infancia marcan para toda la vida, pero si el futuro te coloca en determinados trabajos, esas historias pueden acabar convertidas en algo más que recuerdos personales. ""Los demás guionistas no sé lo que hacen, pero yo sólo soy capaz de … [+7625 chars]"
ANA SIERRA|Razones por las que deberías probar la copa menstrual|0 comentariosComentar  Ecológica, reutilizable y liberadora, la copa menstrual ha supuesto un gran cambio en la salud sexual e higiene íntima femenina, en la relación con nuestros genitales y en la sexualidad. Quizá no se supo entender el concepto o no se con… [+4465 chars]
ABRAHAM ROMERO|Zinedine Zidane y 284 días de caos|"""No tengo ninguna duda de que volverá"".. Desde esa frase de Florentino Pérez han pasado 284 días y tres entrenadores: Zinedine Zidane, Julen Lopetegui y Santiago Solari. 46 partidos, con 28 victorias, cuatro empates y catorce derrotas, a cada cual más preocup… [+3681 chars]"
CARLOS GUISASOLA|Oblak, Griezmann y el asedio en Múnich que recordar en Turín|A los pies de los Alpes, lo normal es que haga frío. Y del bueno. Sin embargo, el Juventus Stadium eleva su mercurio en noches amenazadoras como la de hoy. Ayer, Jan Oblak (1993) y Antoine Griezmann (1991) trataban de encontrar calor entre la gelidez, durante… [+5946 chars]
MIGUEL A. HERGUEDAS|Fernando Alonso, casi en las antípodas de la F1|Una distancia de más de 15.500 kilómetros, con la inmensidad del Océano Pacífico por medio. Una diferencia horaria de 15 horas entre la península de Florida y la costa Este de Australia. Difícilmente podría haber elegido Fernando Alonso un lugar más remoto pa… [+2805 chars]
AFP|EEUU ordena modificaciones en el modelo 737 MAX tras el accidente de Etiopía|Estados Unidos ordenará a Boeing hacer modificaciones en el modelo 737 MAX 8 y el 737 MAX 9, incluyendo el sistema de control MCAS, después del accidente fatal del domingo en Etiopía, dijo el lunes la Agencia Federal de Aviación (FAA).  El fabricante de aeron… [+261 chars]
EL MUNDO|"La depresión, las secuelas de un accidente y la ""tormenta perfecta"" de Kelly Catlin"|Fue una combinación letal entre la depresión, el ritmo infernal de entrenamientos y las secuelas de un traumatismo craneal tras un fuerte accidente. Demasiado para Kelly Catlin, tricampeona mundial de ciclismo en pista, que el viernes decidió quitarse la vida… [+1347 chars]
EFE|Incautado el mayor cargamento de cocaína en 25 años en el puerto de Nueva York|"Estados Unidos ha incautado un cargamento de cocaína de más de 1.450 kilos, el mayor en 25 años y con un valor de mercado de unos 77 millones de dólares, en el puerto de Nueva York/Newark, informa la Patrulla Fronteriza (CBP, por sus siglas en inglés).  ""Feli… [+1826 chars]"
EFE|Abdelaziz Buteflika, el gran negociador que entregó Argelia al Ejército|Último de los líderes árabes que dominaron con puño de hierro la época postcolonial, Abdelaziz Buteflikapasará a la historia como un astuto negociador, un hombre entregado en cuerpo y alma a la política que se manejó hábilmente en las bambalinas del poder y g… [+5679 chars]
ANTONIO LUCAS|Muere Martín Chirino, el escultor del viento|El escultor Martín Chirino ha fallecido este lunes a los 94 años en la Clínica de Navarra de Madrid. Es uno de los nombres clave del arte contemporáneo español y uno de los principales escultores de lo que se denomina la 'tradición del hierro'. Chirino, miemb… [+2610 chars]
JAIME RODRÍGUEZ|"Zidane, en su presentación: ""Vamos a cambiar cosas para los próximos años"""|Zinedine Zidane volvió a la sala de prensa del Santiago Bernabéu de la mano de su mujer, Veronique, y escoltado por Florentino Pérez y Paco Gento. Entre la máxima expectación y tras una breve introducción del presidente, el nuevo entrenador del Real Madrid to… [+1264 chars]
EFE|La Generalitat abre expediente por el nuevo contrato de Cabify|El departamento de Territorio y Sostenibilidad ha abierto un expediente informativo a la empresa Prestige &amp; Limousine, del grupo Cabify, porque la información que facilitan a sus clientes sobre el tiempo de precontratación -15 minutos en el primer servici… [+2419 chars]
LAURA TARDÓN|Detección antes de los síntomas mirándote a los ojos|¿Y si lo que sucede en los ojos puede anticipar una enfermedad neurodegenerativa tan frecuente como el Alzheimer? En apenas unos minutos y a través de una sencilla exploración ocular no invasiva con la que aparte de realizar un chequeo de la vista, el médico … [+5315 chars]
DANIEL LOZANO / DIEGO SANTANDER|Venezuela regresa al siglo pasado: caos, saqueos y búsqueda desesperada de agua y alimentos|En su regreso al pasado, Venezuela sufrió hoy su quinta jornada entre apagones totales de energía y cortes parciales, con sus telecomunicaciones al mínimo y a la búsqueda desesperada de agua y alimentos perecederos. Una carrera contrarreloj porque nadie sabe,… [+3266 chars]
EL MUNDO|El 70% de los españoles compraría un vehículo de segunda mano|La compraventa de coches de segunda mano ha crecido en los últimos tiempos, sobre todo, por el clima de incertidumbre que se ha generado en el mercado. De hecho, el 60% de los españoles ha comprado alguna vez un coche de segunda mano y el 66% se muestra parti… [+3682 chars]
TERESA LÓPEZ PAVÓN|La factura de un Brexit sin acuerdo para la economía andaluza|La posibilidad de que el próximo 30 de marzo se produzca una salida brusca, sin acuerdo, del Reino Unido de la UE tiene en situación de alerta a la economía andaluza, y muy especialmente a los sectores agroalimentario y turístico.  Con respecto al primero, lo… [+3160 chars]
EL MUNDO|La Junta Electoral exige a Torra retirar los lazos amarillos y las esteladas en un plazo de 48 horas|"La Junta Electoral Central ha exigido al Govern de Quim Torra retirar los lazos amarillos y las esteladas en un plazo de 48 horas basándose en ""la obligación de los poderes públicos de mantener estrictamente la neutralidad política durante los procesos electo… [+632 chars]"
CHEMA RODRÍGUEZ|Ciudadanos empuja al PP con los aforamientos y promueve una reforma exprés del Estatuto|Ciudadanos tiene prisa, mucha prisa, por sacar adelante una de sus banderas electorales en Andalucía, pero también en España: la eliminación de los aforamientos de altos cargos y diputados. Eso explica que el partido de Albert Rivera esté intentando buscar to… [+3955 chars]
RAQUEL VALDEOLIVAS|El deporte femenino arrasa en asistencia|Estas son las deportistas que valen su peso en 'oros' en 2018  Las mujeres están imparables en todas las disciplinas deportivas. Tras un domingo para el recuerdo, en el que el baloncesto femenino hizo historia con el mayor record de asistencia a un partido de… [+1156 chars]
EFE|Al menos 12 muertos por un temporal de lluvias en Brasil|Al menos 12 personas han muerto en la región metropolitana de Sao Paulo, la ciudad más poblada de Brasil, por un fuerte temporal que se ha registrado desde la noche del domingo en la región, informan fuentes oficiales.  Según el Cuerpo de Bomberos, cuatro per… [+2256 chars]
EFE|"Juan Guaidó decreta el ""estado de alarma nacional"" por el apagón y convoca marchas para mañana"|"El Parlamento controlado por la oposición, autorizó este lunes al jefe del órgano, Juan Guaidó, que anunció asumir funciones de presidente encargado de Venezuela en enero pasado, declarar un ""estado de alarma nacional"" debido a la ""calamidad"" que atraviesa el… [+618 chars]"
CARLOS GUISASOLA|"Simeone esquiva la sombra de Zidane en Turín: ""Hay que esperar a que esto acabe"""|Aunque uno no quiera, es inevitable cruzarse con Zinedine Zidane por los pasillos del glamuroso Juventus Stadium. También con Del Piero, Vialli, Baggio y Platini. Hay enormes fotografías en cada rincón de las glorias del conjunto bianconero. Y allí aparecen e… [+2228 chars]
EUROPA PRESS|El Defensor del Pueblo investiga la contaminación en la Comunidad de Madrid|"El Defensor del Pueblo ha abierto una actuación de oficio sobre la contaminación en la Comunidad de Madrid tras la denuncia de la Asociación para la Defensa de la Sanidad Pública de Madrid (Adspm), que en enero le alertó sobre la situación de ""inacción"" del E… [+3589 chars]"
MARISOL HERNÁNDEZ|La Junta Electoral rechaza la petición de PP y Ciudadanos de suspender las ruedas de prensa tras el Consejo de Ministros|La Junta Electoral ha desestimado hoy la petición de PP y Ciudadanos de suspender las ruedas de prensa posteriores a la reunión del Consejo de Ministros durante el proceso electoral -las elecciones generales del 28 de abril se convocaron el pasado 5 de marzo-… [+615 chars]
ANTONIO LUCAS|Patricia Phelps de Cisneros incrementa la colección del Museo Reina Sofía|La historia del arte moderno y contemporáneo en Latinoamérica es uno de los espacios de acción del Museo Reina Sofía. Un ámbito reforzado desde la gestión de Manuel Borja-Villel. Para ello creó en 2012 una fundación sin ánimo de lucro que supuso el primer ges… [+5568 chars]
ROSA MENESES|El presidente Buteflika retira su candidatura a la reelección y pospone los comicios del 18 de abril|Lunes,  11  marzo  2019  - 18:50  Tas tres semanas de manifestaciones ininterrumpidas, el presidente argelino ha cedido a la presión de la calle y ha anunciado que no se presentará a las elecciones presidenciales  Abogados participan en las protestas, este ju… [+405 chars]
JORGE BUSTOS|Zidane nunca se fue|Vuelve Zidane y vuelve ya mismo, y la noticia no es tanto lo primero como lo segundo. Sabíamos que la elección oscilaba en las últimas horas entre Zidane o Mourinho, la cabeza o el corazón, el consenso o el conflicto, el voto racional o el voto de castigo. Ni… [+3516 chars]
BELÉN FERRERAS|"La juntera de Podemos denuncia por ""acoso"" a compañeros"|"La juntera de Podemos por Bizkaia, Asun Merinero, denunciará ante los tribunales por ""acoso laboral"" a varios de sus compañeros de grupo a los que acusa de coacciones, hostigamiento y denegación de información. De entrada ha registrado un escrito en la Mesa d… [+1107 chars]"
PABLO PARDO|Donald Trump aumenta el Presupuesto de Defensa el doble de lo que le pidió el Pentágono|Los responsables de la Defensa de Estados Unidos habían pedido un aumento de su presupuesto del 2,3%. Donald Trump le ha ofrecido el doble: un alza del 4,7%. Eso significa un incremento del gasto militar de 34.000 millones de dólares (30.000 millones de euros… [+7281 chars]
AFP|Alarma por la violencia en el fútbol británico y 14 semanas de cárcel para el agresor de Grealish|El aficionado del Birmingham City que agredió en pleno partido a Jack Grealish, capitán del Aston Villa, gran rival de la ciudad, se declaró culpable en un tribunal de Birmingham y fue condenado a 14 semanas de prisión y 10 años sin poder entrar en ningún est… [+3321 chars]
AFP|Un policía francés mata de manera accidental a una compañera mientras jugaba con su arma|Un policía francés ha matado a una compañera en el cuartel general de París al dispararse su arma de servicio, con la que estaba jugando, según ha informado una fuente judicial. El accidente ocurrió el domingo en la nueva sede de la policía en el noroeste de … [+826 chars]
EUROPA PRESS|Paralizada la reforma de la plaza Pedro Zerolo tras las críticas|El Ayuntamiento de Madrid ha decidido paralizar la adjudicación de las obras de reforma de la plaza Pedro Zerolo, según han informado a Europa Press fuentes de la Junta del distrito Centro.    Ahora la Junta convocará una serie de reuniones con todas las part… [+505 chars]
BEATRIZ ALMANSA|El día que Meghan se vistió de Jackie Kennedy y Kate, de Kate|Meghan Markle y Kate Middleton en el servidcio FOTOS: GETTY IMAGES  Meghan Markle estrena antes que nadie un abrigo que acabamos de ver en la pasarela  Si creías que hoy ya lo habías visto todo con el abrigo de pasarela de Erdem por el que ha apostado esta ma… [+1630 chars]
EL MUNDO|Y Bale, mientras tanto, pensando en el golf|Gareth Bale es un hombre cuyas preocupaciones no coinciden necesariamente con las del equipo que le paga. En la tarde de este lunes ha vuelto a demostrarlo. Apenas media hora después de que el Real Madrid filtrase que Solari es pasado y que el presente, y el … [+1395 chars]
MARTA BENAYAS|El romance de Sara Carbonero con el estilo boho será tu nueva inspiración primaveral|Sara Carbonero Foto: GETTY IMAGES  Sara Carbonero confirma la prenda estrella de la primavera, día y noche  Sara Carbonero no para. Si la semana pasada presentó en Madrid la última línea de calzado de la firma Popa, hoy ha publicado una foto en su cuenta de I… [+1886 chars]
MIGUEL A. HERGUEDAS|Carlos Sainz o cómo sacar del hoyo a McLaren|La máxima exigencia para Carlos Sainz este fin de semana en Melbourne Park no será la del recién llegado McLaren, una escudería donde las obligaciones de la historia se siente en cada curva. Tampoco la del piloto que, tras el adiós de Fernando Alonso, debe so… [+3018 chars]
EL MUNDO|Harry Potter Wizards Unite, el Pokémon Go del mundo mágico, ya es oficial|Niantic, la compañía desarrolladora que está detrás del fenómeno Pokémon Go, ha anunciado lo que era un secreto a voces: habrá una 'versión' inspirada en el universo de Harry Potter y se llamará Wizards Unite. Eso sí, por el momento no tiene fecha de salida. … [+2217 chars]
EFE|El ejército indio dice haber eliminado a 18 terroristas en Cachemira tras el ataque que mató a 42 policías|"El ejército de la India ha anunciado hoy que ha eliminado a 18 insurgentes en Cachemira en las últimas semanas, incluyendo a uno de los ""principales conspiradores"" del ataque que a mediados de febrero acabó con la vida de 42 policías en esa conflictiva región… [+1881 chars]"
MARTA BENAYAS|No solo ayuda a adelgazar: el beneficio que desconocías de cenar pronto|Cenar temprano puede ayudar a prevenir cáncer de mama y de próstata. Foto: SHUTTERSTOCK  Si aplicas este truco, adelgazar te resultará más fácil, lo dice la ciencia  A la hora de perder peso los milagros no existen. Si se cuida la alimentación y se incluye ej… [+2890 chars]
ÁLVARO CARVAJAL|Se duplica el rechazo de los militantes de IU a la coalición con Podemos|Izquierda Unida concurrirá oficialmente con Podemos a las próximas elecciones generales del 28 de abril bajo la marca de Unidas Podemos, según han aprobado los militantes de la organización. Sin embargo, el referéndum interno ha puesto de manifiesto que exist… [+970 chars]
IMANE RACHIDI|El ex vicepresidente del Congo exige al Tribunal Penal Internacional una compensación millonaria|Pasó 10 años en la cárcel internacional de La Haya para terminar siendo absuelto. Nada pudo demostrar que Jean-Pierre Bemba cometiese los crímenes de guerra y de lesa humanidad de los que se le acusaba cuando era vicepresidente de la República Democrática del… [+3736 chars]
MARTÍN MUCHA, JAVIER NEGRE|La ruina de Vox en Lérida y su 'vende coches' en la cárcel|Manoli Asto, una peruana vegetariana, aterrizaba en un vuelo de Easyjet en Cataluña procedente de Londres el miércoles de la pasada semana. Llegaba después de haber pasado varios meses en la City con sus hijas y buscar ser examinadora del Instituto Cervantes.… [+8514 chars]
NATALIA PUGA|Una cooperante gallega y un ingeniero catalán, los dos españoles fallecidos en el accidente aéreo de Etiopía|La gallega Pilar Martínez Docampo, de 32 años y natural del municipio de Cangas do Morrazo (Pontevedra) y el ingeniero químico Jordi Dalmau, de 46 años y de Granollers (Barcelona) son las dos víctimas españolas del accidente del avión de pasajeros de la compa… [+1709 chars]
JAIME RODRÍGUEZ|Zinedine Zidane vuelve al Real Madrid|Zinedine Zidane volverá a ser entrenador del Real Madrid. Según adelantó 'Jugones' y pudo confirmar EL MUNDO, el técnico francés será desde mañana el nuevo dueño del banquillo del Santiago Bernabéu en sustitución de Santiago Solari.  Tal y como contaba este d… [+841 chars]
EL MUNDO|Juan Sánchez-Calero será el nuevo presidente|El consejo de administración de Endesa ha propuesto a Juan Sánchez-Calero para asumir la presidencia de Endesa, relevando en el cargo a Borja Prado, que dejará el puesto en la próxima junta de accionistas después de diez años al frente de la energética.   Sán… [+2480 chars]
EFE|Más de 1.100 niños mueren en la guerra siria en 2018, el año más mortífero|Unicef ha alertado este lunes de que 1.106 niños murieron durante los combates en Siria en 2018, el año más mortífero para los pequeños desde que se inició la guerra hace casi ocho, y ha llamado a las partes del conflicto a priorizar su protección.  La direct… [+3162 chars]
EL MUNDO|Los Mossos pidieron al Govern cancelar el referéndum del 1-O y otras cinco noticias de ahora|Conforme a los criterios de  The Trust Project
AGENCIAS|"Suspenden un partido de prebenjamines porque los padres acabaron ""a cabezazos"""|Una pelea entre padres, que acabaron a cabezazos ante niños de seis y siete años, ha obligado a suspender un partido que enfrentaba este domingo en Pontevedra a los equipos AJ Lérez y la EFB Moañesa de categoría prebenjamín.  El árbitro del encuentro, Alexand… [+1474 chars]
E. M.|'Soy pobre pero digno', una nueva campaña contra Madrid Central|"""Madrid es de todos los madrileños y no puede convertirse en un búnker para los más humildes"". Con esta premisa ha arrancado hoy la campaña ""Soy pobre, pero digno"" para denunciar que Madrid Central es una una medida ""excluyente y elitista"".   Con el fin de co… [+2127 chars]"
EFE|"Almeida abandona el homenaje de Atocha al derivar en ""mitin"" contra el PP"|"El candidato del PP a la Alcaldía de Madrid, José Luis Martínez-Almeida, ha abandonado el homenaje convocado en Atocha por el 15º aniversario del 11M al considerar que el presidente de la Asociación 11-M Afectados por el Terrorismo, Eulogio Paz, ha hecho un ""… [+1601 chars]"
